"Date","Time (GMT)","Wind Speed (kn)","Wind Dir (deg)","Wind Gust (kn)","Air Temp (Â°F)","Baro (mb)","Humidity (%)","Visibility (nm)"
"2012/10/28","00:00","6.22","83","9.14","59.9","1013.6","-","-"
"2012/10/28","00:06","6.61","82","8.94","60.1","1013.5","-","-"
"2012/10/28","00:12","6.8","79","9.14","59.9","1013.3","-","-"
"2012/10/28","00:18","6.03","81","8.16","60.1","1013.3","-","-"
"2012/10/28","00:24","7.19","83","9.33","60.1","1013.3","-","-"
"2012/10/28","00:30","7","80","10.89","60.1","1013.3","-","-"
"2012/10/28","00:36","7.58","83","10.89","59.9","1013.1","-","-"
"2012/10/28","00:42","8.75","82","10.89","59.9","1013","-","-"
"2012/10/28","00:48","7.58","80","10.69","59.9","1013","-","-"
"2012/10/28","00:54","6.8","79","9.14","59.9","1013","-","-"
"2012/10/28","01:00","7.58","78","9.52","59.7","1012.9","-","-"
"2012/10/28","01:06","5.83","72","8.16","59.7","1013","-","-"
"2012/10/28","01:12","6.61","73","10.5","59.9","1012.9","-","-"
"2012/10/28","01:18","8.16","77","10.89","60.3","1012.8","-","-"
"2012/10/28","01:24","6.22","65","9.91","60.4","1012.8","-","-"
"2012/10/28","01:30","5.64","70","8.16","60.3","1012.7","-","-"
"2012/10/28","01:36","6.22","57","9.33","60.4","1012.9","-","-"
"2012/10/28","01:42","6.61","53","11.08","60.3","1012.9","-","-"
"2012/10/28","01:48","6.22","57","8.75","60.1","1012.8","-","-"
"2012/10/28","01:54","6.03","75","7.97","60.3","1012.8","-","-"
"2012/10/28","02:00","7","57","11.47","60.3","1012.9","-","-"
"2012/10/28","02:06","7.97","60","11.66","60.3","1012.7","-","-"
"2012/10/28","02:12","7.39","61","10.69","60.4","1012.8","-","-"
"2012/10/28","02:18","6.41","58","9.52","60.3","1012.6","-","-"
"2012/10/28","02:24","6.61","52","10.3","60.1","1012.7","-","-"
"2012/10/28","02:30","8.94","62","14.97","60.3","1012.6","-","-"
"2012/10/28","02:36","7","69","10.5","60.3","1012.4","-","-"
"2012/10/28","02:42","9.91","76","13.41","60.4","1012.6","-","-"
"2012/10/28","02:48","6.22","67","11.66","60.3","1012.7","-","-"
"2012/10/28","02:54","7.19","64","9.52","59.9","1012.6","-","-"
"2012/10/28","03:00","7.78","62","10.5","59.9","1012.5","-","-"
"2012/10/28","03:06","6.41","63","9.72","59.9","1012.4","-","-"
"2012/10/28","03:12","6.41","58","10.5","59.7","1012.4","-","-"
"2012/10/28","03:18","6.61","64","11.27","59.9","1012.2","-","-"
"2012/10/28","03:24","6.03","65","8.36","59.9","1012.2","-","-"
"2012/10/28","03:30","7.19","44","11.66","59.9","1012.2","-","-"
"2012/10/28","03:36","8.16","59","12.05","60.1","1011.8","-","-"
"2012/10/28","03:42","8.16","59","13.61","60.1","1012.1","-","-"
"2012/10/28","03:48","6.8","54","11.08","60.1","1012.1","-","-"
"2012/10/28","03:54","6.61","54","9.72","60.1","1012","-","-"
"2012/10/28","04:00","6.8","56","10.5","59.9","1012","-","-"
"2012/10/28","04:06","5.64","53","8.36","59.9","1012.1","-","-"
"2012/10/28","04:12","5.44","49","8.55","59.9","1012.2","-","-"
"2012/10/28","04:18","7","50","9.91","59.9","1012.2","-","-"
"2012/10/28","04:24","7.97","42","12.44","59.9","1012","-","-"
"2012/10/28","04:30","7.97","51","11.47","59.9","1011.7","-","-"
"2012/10/28","04:36","7.97","62","11.66","59.9","1011.7","-","-"
"2012/10/28","04:42","7.58","50","11.86","59.9","1011.9","-","-"
"2012/10/28","04:48","7.19","50","10.11","59.9","1011.8","-","-"
"2012/10/28","04:54","7.19","51","10.5","59.9","1011.7","-","-"
"2012/10/28","05:00","8.94","58","13.41","59.9","1011.6","-","-"
"2012/10/28","05:06","7.19","62","10.11","59.9","1011.6","-","-"
"2012/10/28","05:12","8.75","70","14.38","60.3","1011.5","-","-"
"2012/10/28","05:18","8.36","63","11.66","60.3","1011.5","-","-"
"2012/10/28","05:24","9.33","62","13.02","60.4","1011.4","-","-"
"2012/10/28","05:30","7.39","60","10.89","60.3","1011.5","-","-"
"2012/10/28","05:36","8.94","67","13.22","60.3","1011.5","-","-"
"2012/10/28","05:42","9.91","66","14.38","60.3","1011.5","-","-"
"2012/10/28","05:48","8.94","76","12.05","60.3","1011.3","-","-"
"2012/10/28","05:54","10.11","62","15.94","60.3","1011.4","-","-"
"2012/10/28","06:00","11.86","62","18.27","60.3","1011.4","-","-"
"2012/10/28","06:06","9.91","64","15.94","60.1","1011.3","-","-"
"2012/10/28","06:12","9.72","64","14.38","60.1","1011.2","-","-"
"2012/10/28","06:18","10.11","71","15.55","60.1","1011.3","-","-"
"2012/10/28","06:24","9.91","72","14","60.1","1011.4","-","-"
"2012/10/28","06:30","11.47","76","18.66","60.3","1011.4","-","-"
"2012/10/28","06:36","11.47","80","15.94","60.1","1011.5","-","-"
"2012/10/28","06:42","11.08","76","17.69","60.1","1011.6","-","-"
"2012/10/28","06:48","11.47","78","16.13","59.9","1011.4","-","-"
"2012/10/28","06:54","11.27","76","15.75","59.9","1011.3","-","-"
"2012/10/28","07:00","11.86","75","15.55","59.9","1011.3","-","-"
"2012/10/28","07:06","11.47","71","17.49","59.9","1011.4","-","-"
"2012/10/28","07:12","9.52","70","15.94","59.7","1011.2","-","-"
"2012/10/28","07:18","11.08","73","17.11","59.7","1011.1","-","-"
"2012/10/28","07:24","9.14","68","16.13","59.5","1011.2","-","-"
"2012/10/28","07:30","9.33","76","12.63","59.5","1011","-","-"
"2012/10/28","07:36","10.5","66","14.97","59.4","1011","-","-"
"2012/10/28","07:42","10.69","71","15.94","59.4","1010.9","-","-"
"2012/10/28","07:48","11.86","62","20.8","59.4","1010.8","-","-"
"2012/10/28","07:54","10.69","57","17.3","59.4","1010.5","-","-"
"2012/10/28","08:00","11.47","67","16.33","59.4","1010.5","-","-"
"2012/10/28","08:06","7.19","66","12.83","59.4","1010.5","-","-"
"2012/10/28","08:12","8.55","66","13.41","59.2","1010.8","-","-"
"2012/10/28","08:18","10.11","62","16.91","59.2","1010.8","-","-"
"2012/10/28","08:24","8.75","55","14.77","59","1010.8","-","-"
"2012/10/28","08:30","12.05","61","18.08","59","1010.7","-","-"
"2012/10/28","08:36","7.58","71","13.02","59","1010.8","-","-"
"2012/10/28","08:42","10.69","75","14.58","59","1010.9","-","-"
"2012/10/28","08:48","11.27","57","17.11","59","1011.1","-","-"
"2012/10/28","08:54","8.94","70","13.61","59","1010.8","-","-"
"2012/10/28","09:00","9.33","67","14.77","58.8","1010.8","-","-"
"2012/10/28","09:06","9.91","64","16.13","58.8","1010.8","-","-"
"2012/10/28","09:12","9.33","64","13.61","58.8","1010.8","-","-"
"2012/10/28","09:18","11.86","62","16.33","58.8","1010.8","-","-"
"2012/10/28","09:24","12.05","57","18.27","58.6","1010.8","-","-"
"2012/10/28","09:30","11.47","61","16.52","58.6","1010.8","-","-"
"2012/10/28","09:36","10.11","61","15.75","58.6","1010.6","-","-"
"2012/10/28","09:42","10.11","67","19.44","58.5","1010.8","-","-"
"2012/10/28","09:48","9.72","66","14.58","58.5","1010.7","-","-"
"2012/10/28","09:54","12.44","64","19.63","58.3","1010.8","-","-"
"2012/10/28","10:00","9.91","59","14.97","58.3","1010.6","-","-"
"2012/10/28","10:06","11.66","70","17.3","58.1","1010.7","-","-"
"2012/10/28","10:12","9.14","64","14.38","57.9","1010.7","-","-"
"2012/10/28","10:18","12.44","71","18.27","57.9","1010.5","-","-"
"2012/10/28","10:24","14.38","58","22.35","57.7","1010.7","-","-"
"2012/10/28","10:30","13.41","55","18.66","57.6","1010.4","-","-"
"2012/10/28","10:36","10.69","54","16.72","57.6","1010.2","-","-"
"2012/10/28","10:42","12.44","57","18.86","57.6","1010.2","-","-"
"2012/10/28","10:48","13.41","52","19.83","57.6","1010.2","-","-"
"2012/10/28","10:54","9.72","54","18.47","57.4","1010.1","-","-"
"2012/10/28","11:00","10.11","50","19.83","57.4","1010.3","-","-"
"2012/10/28","11:06","12.25","51","19.44","57.4","1010.4","-","-"
"2012/10/28","11:12","11.66","50","17.69","57.4","1010.4","-","-"
"2012/10/28","11:18","12.25","50","18.08","57.2","1010.3","-","-"
"2012/10/28","11:24","14.19","48","21.38","57.2","1010.3","-","-"
"2012/10/28","11:30","12.83","47","20.41","57.2","1010.1","-","-"
"2012/10/28","11:36","12.44","45","19.44","57.2","1010.2","-","-"
"2012/10/28","11:42","15.36","46","24.3","57","1010.2","-","-"
"2012/10/28","11:48","13.61","48","20.22","57","1010.1","-","-"
"2012/10/28","11:54","12.83","48","19.44","57.2","1010.5","-","-"
"2012/10/28","12:00","12.44","51","18.86","57.2","1010.5","-","-"
"2012/10/28","12:06","11.47","46","17.88","57","1010.4","-","-"
"2012/10/28","12:12","14.77","44","23.71","57","1010.2","-","-"
"2012/10/28","12:18","13.02","47","22.16","57","1010.1","-","-"
"2012/10/28","12:24","14.19","46","22.35","56.8","1010.1","-","-"
"2012/10/28","12:30","12.05","49","21.38","56.8","1010.3","-","-"
"2012/10/28","12:36","11.66","52","18.47","56.8","1010.6","-","-"
"2012/10/28","12:42","12.05","56","19.83","57","1010.8","-","-"
"2012/10/28","12:48","13.41","48","18.08","57","1010.8","-","-"
"2012/10/28","12:54","12.63","52","20.6","57","1010.6","-","-"
"2012/10/28","13:00","11.66","53","21.19","57","1010.4","-","-"
"2012/10/28","13:06","13.8","49","21.58","57","1010.6","-","-"
"2012/10/28","13:12","13.41","49","20.02","57","1010.5","-","-"
"2012/10/28","13:18","13.8","55","22.94","57","1010.4","-","-"
"2012/10/28","13:24","13.41","50","23.52","57.2","1010.4","-","-"
"2012/10/28","13:30","13.41","54","23.91","57.4","1010.4","-","-"
"2012/10/28","13:36","13.41","54","21.77","57.4","1010.4","-","-"
"2012/10/28","13:42","15.16","53","20.02","57.4","1010.6","-","-"
"2012/10/28","13:48","11.66","55","18.66","57.4","1010.5","-","-"
"2012/10/28","13:54","13.41","50","22.74","57.6","1010.5","-","-"
"2012/10/28","14:00","14.19","56","19.44","57.6","1010.3","-","-"
"2012/10/28","14:06","15.75","52","19.63","57.4","1010.4","-","-"
"2012/10/28","14:12","13.61","55","22.35","57.6","1010.3","-","-"
"2012/10/28","14:18","12.25","54","17.49","57.7","1010.3","-","-"
"2012/10/28","14:24","13.61","52","21.19","57.7","1010.3","-","-"
"2012/10/28","14:30","13.61","57","20.6","57.6","1010.1","-","-"
"2012/10/28","14:36","14.58","52","22.55","57.6","1010.1","-","-"
"2012/10/28","14:42","15.94","50","20.8","57.6","1010","-","-"
"2012/10/28","14:48","14.97","55","21.19","57.6","1009.9","-","-"
"2012/10/28","14:54","17.69","52","22.35","57.4","1010","-","-"
"2012/10/28","15:00","16.52","53","23.33","57.4","1009.9","-","-"
"2012/10/28","15:06","15.94","59","21.77","57.4","1009.7","-","-"
"2012/10/28","15:12","15.55","52","20.8","57.6","1009.8","-","-"
"2012/10/28","15:18","15.16","51","21.58","57.7","1009.6","-","-"
"2012/10/28","15:24","16.52","52","23.52","57.6","1009.4","-","-"
"2012/10/28","15:30","18.08","53","25.85","57.6","1009.2","-","-"
"2012/10/28","15:36","15.36","52","22.55","57.6","1009.2","-","-"
"2012/10/28","15:42","17.3","51","24.88","57.6","1009.1","-","-"
"2012/10/28","15:48","17.49","53","23.91","57.7","1009","-","-"
"2012/10/28","15:54","16.91","49","24.49","57.7","1009","-","-"
"2012/10/28","16:00","16.91","50","26.05","57.9","1008.7","-","-"
"2012/10/28","16:06","16.72","52","25.08","57.9","1008.5","-","-"
"2012/10/28","16:12","16.13","49","22.16","58.3","1008.5","-","-"
"2012/10/28","16:18","19.05","51","25.66","58.3","1008.4","-","-"
"2012/10/28","16:24","18.08","52","27.02","58.1","1008.2","-","-"
"2012/10/28","16:30","18.47","51","26.24","58.1","1008.1","-","-"
"2012/10/28","16:36","16.52","49","23.91","58.3","1007.9","-","-"
"2012/10/28","16:42","16.91","49","24.49","58.5","1007.6","-","-"
"2012/10/28","16:48","16.13","52","21.77","58.3","1007.3","-","-"
"2012/10/28","16:54","15.75","52","21.97","58.5","1007.4","-","-"
"2012/10/28","17:00","16.13","48","23.33","58.5","1007.4","-","-"
"2012/10/28","17:06","16.33","49","24.88","58.5","1007.3","-","-"
"2012/10/28","17:12","14.97","53","19.83","58.5","1007.2","-","-"
"2012/10/28","17:18","18.27","53","25.27","58.3","1007.3","-","-"
"2012/10/28","17:24","17.11","50","23.52","58.3","1007.1","-","-"
"2012/10/28","17:30","15.94","50","23.33","58.3","1007","-","-"
"2012/10/28","17:36","16.33","51","23.33","58.5","1006.8","-","-"
"2012/10/28","17:42","14.77","52","24.1","58.5","1006.7","-","-"
"2012/10/28","17:48","18.08","53","26.24","58.3","1006.5","-","-"
"2012/10/28","17:54","16.72","50","24.3","58.1","1006.4","-","-"
"2012/10/28","18:00","17.3","49","25.08","57.9","1006.3","-","-"
"2012/10/28","18:06","17.3","51","24.49","57.9","1006.2","-","-"
"2012/10/28","18:12","17.3","54","23.13","57.6","1006.3","-","-"
"2012/10/28","18:18","13.02","56","20.8","57.7","1006.5","-","-"
"2012/10/28","18:24","13.61","60","19.24","57.7","1006.5","-","-"
"2012/10/28","18:30","14.58","56","23.52","57.7","1006.6","-","-"
"2012/10/28","18:36","15.36","53","21.97","57.7","1006.4","-","-"
"2012/10/28","18:42","15.16","52","20.8","57.7","1006.4","-","-"
"2012/10/28","18:48","10.89","45","17.49","57.4","1006.4","-","-"
"2012/10/28","18:54","15.55","52","22.74","57.4","1006.5","-","-"
"2012/10/28","19:00","14.58","51","20.6","57.4","1006.4","-","-"
"2012/10/28","19:06","15.75","56","21.77","57.4","1006.4","-","-"
"2012/10/28","19:12","13.22","49","18.08","57.6","1006.3","-","-"
"2012/10/28","19:18","14.38","52","22.35","57.9","1006.3","-","-"
"2012/10/28","19:24","13.8","53","20.41","58.1","1006.2","-","-"
"2012/10/28","19:30","15.55","52","20.8","58.1","1006.1","-","-"
"2012/10/28","19:36","14.38","45","21.38","57.7","1006.1","-","-"
"2012/10/28","19:42","13.41","52","17.88","57.7","1006","-","-"
"2012/10/28","19:48","13.41","51","18.27","57.9","1006","-","-"
"2012/10/28","19:54","13.02","46","19.44","57.7","1005.9","-","-"
"2012/10/28","20:00","14.97","52","21.77","57.6","1005.9","-","-"
"2012/10/28","20:06","15.16","51","20.6","57.6","1006","-","-"
"2012/10/28","20:12","14.97","53","22.16","57.4","1006","-","-"
"2012/10/28","20:18","17.3","49","24.3","57.2","1005.9","-","-"
"2012/10/28","20:24","14.19","47","20.02","57.4","1005.7","-","-"
"2012/10/28","20:30","14.77","48","20.99","57.4","1005.7","-","-"
"2012/10/28","20:36","14.19","48","19.63","57.6","1005.7","-","-"
"2012/10/28","20:42","16.13","47","22.55","57.6","1005.6","-","-"
"2012/10/28","20:48","16.52","46","26.44","57.6","1005.6","-","-"
"2012/10/28","20:54","17.49","49","25.85","57.4","1005.5","-","-"
"2012/10/28","21:00","14.77","49","20.6","57.2","1005.5","-","-"
"2012/10/28","21:06","13.41","45","19.24","57.2","1005.6","-","-"
"2012/10/28","21:12","14.97","44","21.77","56.8","1005.7","-","-"
"2012/10/28","21:18","13.61","47","21.38","56.7","1005.7","-","-"
"2012/10/28","21:24","16.33","48","21.19","56.7","1005.7","-","-"
"2012/10/28","21:30","15.36","46","25.27","56.8","1005.7","-","-"
"2012/10/28","21:36","17.3","46","23.13","57.6","1005.6","-","-"
"2012/10/28","21:42","14.77","50","22.94","58.1","1005.4","-","-"
"2012/10/28","21:48","19.05","47","27.02","58.1","1005.3","-","-"
"2012/10/28","21:54","19.05","48","26.24","58.3","1005.1","-","-"
"2012/10/28","22:00","17.3","47","24.69","58.3","1005","-","-"
"2012/10/28","22:06","16.33","44","22.55","58.3","1004.9","-","-"
"2012/10/28","22:12","15.36","47","23.71","58.1","1004.8","-","-"
"2012/10/28","22:18","15.94","43","24.88","58.1","1004.9","-","-"
"2012/10/28","22:24","15.36","45","24.3","58.3","1004.9","-","-"
"2012/10/28","22:30","13.8","44","23.33","58.3","1005","-","-"
"2012/10/28","22:36","15.94","46","21.19","58.5","1005","-","-"
"2012/10/28","22:42","14.97","48","25.08","58.6","1005","-","-"
"2012/10/28","22:48","17.69","48","22.94","58.6","1005","-","-"
"2012/10/28","22:54","12.44","46","17.88","58.6","1005.2","-","-"
"2012/10/28","23:00","16.13","49","23.52","58.8","1005.2","-","-"
"2012/10/28","23:06","17.3","54","23.71","58.8","1005.1","-","-"
"2012/10/28","23:12","16.52","59","22.55","59","1005.1","-","-"
"2012/10/28","23:18","19.83","57","30.52","58.8","1005.1","-","-"
"2012/10/28","23:24","20.02","55","25.85","58.8","1004.9","-","-"
"2012/10/28","23:30","19.63","51","26.63","58.8","1004.8","-","-"
"2012/10/28","23:36","18.66","52","27.99","58.8","1004.7","-","-"
"2012/10/28","23:42","17.11","49","23.52","59","1004.6","-","-"
"2012/10/28","23:48","16.72","49","27.02","58.6","1004.6","-","-"
"2012/10/28","23:54","18.08","47","23.71","58.6","1004.6","-","-"
"2012/10/29","00:00","17.49","56","30.91","58.8","1004.5","-","-"
"2012/10/29","00:06","19.24","51","26.05","58.6","1004.5","-","-"
"2012/10/29","00:12","20.41","53","27.8","58.8","1004.4","-","-"
"2012/10/29","00:18","20.99","51","30.13","58.8","1004.4","-","-"
"2012/10/29","00:24","20.41","54","26.82","58.6","1004.3","-","-"
"2012/10/29","00:30","22.74","50","28.38","58.6","1004.2","-","-"
"2012/10/29","00:36","19.24","51","24.69","58.6","1004.3","-","-"
"2012/10/29","00:42","20.99","57","33.82","58.6","1004.2","-","-"
"2012/10/29","00:48","20.41","56","27.21","58.6","1004.1","-","-"
"2012/10/29","00:54","16.52","54","24.88","58.6","1004.1","-","-"
"2012/10/29","01:00","15.75","54","21.77","58.6","1004","-","-"
"2012/10/29","01:06","19.83","62","27.41","58.6","1004","-","-"
"2012/10/29","01:12","19.44","53","27.21","58.5","1003.9","-","-"
"2012/10/29","01:18","22.94","52","34.6","58.5","1003.9","-","-"
"2012/10/29","01:24","21.19","64","29.16","58.3","1003.8","-","-"
"2012/10/29","01:30","18.08","56","28.38","58.3","1003.9","-","-"
"2012/10/29","01:36","15.16","59","22.74","58.3","1003.9","-","-"
"2012/10/29","01:42","17.69","53","25.66","58.3","1003.8","-","-"
"2012/10/29","01:48","17.49","56","25.46","58.3","1003.7","-","-"
"2012/10/29","01:54","20.02","52","27.21","58.1","1003.5","-","-"
"2012/10/29","02:00","15.36","59","22.55","58.1","1003.6","-","-"
"2012/10/29","02:06","14.77","67","24.69","58.1","1003.7","-","-"
"2012/10/29","02:12","14","56","19.83","58.1","1003.8","-","-"
"2012/10/29","02:18","17.11","48","26.82","57.9","1003.9","-","-"
"2012/10/29","02:24","19.24","56","32.27","57.7","1003.7","-","-"
"2012/10/29","02:30","19.83","54","30.52","57.7","1003.6","-","-"
"2012/10/29","02:36","15.36","59","22.94","57.6","1003.4","-","-"
"2012/10/29","02:42","19.05","59","27.41","57.6","1003.4","-","-"
"2012/10/29","02:48","17.49","60","26.44","57.7","1003.1","-","-"
"2012/10/29","02:54","17.3","54","26.82","57.6","1003.3","-","-"
"2012/10/29","03:00","19.24","52","29.55","57.6","1003.3","-","-"
"2012/10/29","03:06","20.8","56","32.07","57.7","1003.1","-","-"
"2012/10/29","03:12","17.3","47","25.08","57.6","1003","-","-"
"2012/10/29","03:18","14.97","44","22.55","57","1003.1","-","-"
"2012/10/29","03:24","19.83","49","31.3","56.8","1003","-","-"
"2012/10/29","03:30","20.22","46","27.41","56.8","1003.1","-","-"
"2012/10/29","03:36","16.52","47","23.33","56.7","1003","-","-"
"2012/10/29","03:42","19.83","49","28.57","56.3","1003.1","-","-"
"2012/10/29","03:48","16.33","45","24.3","56.3","1003.1","-","-"
"2012/10/29","03:54","19.24","51","27.8","56.1","1002.8","-","-"
"2012/10/29","04:00","18.47","46","28.38","56.3","1002.8","-","-"
"2012/10/29","04:06","15.75","47","23.52","56.1","1002.6","-","-"
"2012/10/29","04:12","14.38","51","19.24","56.1","1002.4","-","-"
"2012/10/29","04:18","14.97","46","23.13","56.3","1002.3","-","-"
"2012/10/29","04:24","17.11","47","25.08","56.3","1002.4","-","-"
"2012/10/29","04:30","13.02","38","20.02","56.3","1002.3","-","-"
"2012/10/29","04:36","14.97","36","23.91","55.8","1002.2","-","-"
"2012/10/29","04:42","15.94","33","22.74","55.4","1002","-","-"
"2012/10/29","04:48","16.33","33","24.88","55","1001.9","-","-"
"2012/10/29","04:54","15.36","38","27.02","55","1001.8","-","-"
"2012/10/29","05:00","14.38","37","24.69","55","1001.7","-","-"
"2012/10/29","05:06","15.75","42","22.35","55","1001.9","-","-"
"2012/10/29","05:12","14.58","47","20.99","55","1001.9","-","-"
"2012/10/29","05:18","15.16","45","23.33","54.9","1001.9","-","-"
"2012/10/29","05:24","14.77","41","23.52","55","1001.5","-","-"
"2012/10/29","05:30","15.36","39","22.94","55.2","1001.4","-","-"
"2012/10/29","05:36","13.02","35","21.97","55.2","1001.3","-","-"
"2012/10/29","05:42","12.44","34","20.41","55.4","1001.3","-","-"
"2012/10/29","05:48","12.44","39","18.66","55.4","1001.2","-","-"
"2012/10/29","05:54","13.61","37","23.33","55.4","1001.3","-","-"
"2012/10/29","06:00","16.33","48","23.71","55.2","1001.1","-","-"
"2012/10/29","06:06","15.16","47","25.27","55","1001.1","-","-"
"2012/10/29","06:12","14.19","32","22.35","55","1001","-","-"
"2012/10/29","06:18","15.16","29","22.55","54.7","1000.7","-","-"
"2012/10/29","06:24","14","33","19.24","54.5","1000.5","-","-"
"2012/10/29","06:30","16.33","35","25.66","54.3","1000.4","-","-"
"2012/10/29","06:36","12.44","33","23.13","54.1","1000.1","-","-"
"2012/10/29","06:42","14.38","30","25.85","54","1000.1","-","-"
"2012/10/29","06:48","12.44","32","22.16","54","1000","-","-"
"2012/10/29","06:54","15.94","30","22.74","53.8","999.8","-","-"
"2012/10/29","07:00","11.47","32","18.47","54","999.7","-","-"
"2012/10/29","07:06","12.25","29","20.6","53.8","999.7","-","-"
"2012/10/29","07:12","15.75","30","26.05","53.8","999.5","-","-"
"2012/10/29","07:18","13.41","31","21.38","53.8","999.2","-","-"
"2012/10/29","07:24","12.25","31","21.77","54","999.1","-","-"
"2012/10/29","07:30","13.41","33","21.97","54.1","999","-","-"
"2012/10/29","07:36","16.52","33","24.1","54.1","998.9","-","-"
"2012/10/29","07:42","17.11","33","24.88","54.3","998.6","-","-"
"2012/10/29","07:48","12.83","26","22.16","54.5","998.3","-","-"
"2012/10/29","07:54","14.19","27","27.02","54.5","997.9","-","-"
"2012/10/29","08:00","14.97","28","25.27","54.5","997.5","-","-"
"2012/10/29","08:06","16.91","33","23.91","54.5","997.7","-","-"
"2012/10/29","08:12","17.69","28","27.6","54.3","997.3","-","-"
"2012/10/29","08:18","15.94","30","25.46","54.3","997.2","-","-"
"2012/10/29","08:24","16.13","25","24.3","54.5","996.8","-","-"
"2012/10/29","08:30","13.61","28","21.77","54.9","996.5","-","-"
"2012/10/29","08:36","16.13","31","23.71","54.9","996.7","-","-"
"2012/10/29","08:42","15.55","25","26.44","54.9","996.6","-","-"
"2012/10/29","08:48","16.33","24","27.02","54.9","996.2","-","-"
"2012/10/29","08:54","16.72","30","25.85","54.9","996","-","-"
"2012/10/29","09:00","17.3","28","29.94","55","995.9","-","-"
"2012/10/29","09:06","17.49","33","28.19","55","995.6","-","-"
"2012/10/29","09:12","18.86","29","32.27","55","995.4","-","-"
"2012/10/29","09:18","14.19","26","22.35","55.4","995.2","-","-"
"2012/10/29","09:24","16.72","26","26.05","55.6","994.9","-","-"
"2012/10/29","09:30","17.11","30","24.88","55.8","994.7","-","-"
"2012/10/29","09:36","15.75","32","24.3","55.9","994.9","-","-"
"2012/10/29","09:42","18.86","30","32.66","56.1","994.6","-","-"
"2012/10/29","09:48","19.63","31","30.91","56.3","994.4","-","-"
"2012/10/29","09:54","20.22","35","31.49","56.3","994.4","-","-"
"2012/10/29","10:00","15.36","40","26.82","56.3","994.4","-","-"
"2012/10/29","10:06","15.75","33","24.49","56.3","994.4","-","-"
"2012/10/29","10:12","17.11","31","33.63","55.9","994.2","-","-"
"2012/10/29","10:18","14.77","30","22.35","55.8","994","-","-"
"2012/10/29","10:24","18.47","34","29.35","55.6","993.9","-","-"
"2012/10/29","10:30","17.88","34","31.88","55.8","993.6","-","-"
"2012/10/29","10:36","20.6","27","34.41","55.8","993.3","-","-"
"2012/10/29","10:42","21.19","31","34.79","55.8","993","-","-"
"2012/10/29","10:48","21.58","31","33.05","55.8","992.7","-","-"
"2012/10/29","10:54","20.02","31","29.16","55.8","992.6","-","-"
"2012/10/29","11:00","19.24","34","31.1","55.6","992.5","-","-"
"2012/10/29","11:06","22.16","31","33.63","55.6","992.4","-","-"
"2012/10/29","11:12","21.97","33","34.41","55.6","992.2","-","-"
"2012/10/29","11:18","19.44","33","28.77","55.4","992.1","-","-"
"2012/10/29","11:24","18.27","32","27.6","55.4","992.1","-","-"
"2012/10/29","11:30","21.97","32","32.66","55.4","992","-","-"
"2012/10/29","11:36","18.66","32","29.35","55.4","991.8","-","-"
"2012/10/29","11:42","22.55","32","33.05","55.8","991.5","-","-"
"2012/10/29","11:48","19.83","33","34.02","55.9","991.4","-","-"
"2012/10/29","11:54","22.55","30","41.79","56.1","991.1","-","-"
"2012/10/29","12:00","17.49","29","30.52","56.1","990.9","-","-"
"2012/10/29","12:06","24.1","32","36.93","55.9","990.8","-","-"
"2012/10/29","12:12","21.38","31","34.41","55.9","990.6","-","-"
"2012/10/29","12:18","19.44","30","31.1","55.8","990.5","-","-"
"2012/10/29","12:24","22.94","35","37.32","55.8","990.3","-","-"
"2012/10/29","12:30","20.8","30","34.99","55.9","990","-","-"
"2012/10/29","12:36","20.41","33","31.68","56.1","989.9","-","-"
"2012/10/29","12:42","21.97","29","34.41","55.9","989.8","-","-"
"2012/10/29","12:48","-","-","-","-","-","-","-"
"2012/10/29","12:54","-","-","-","-","-","-","-"
"2012/10/29","13:00","-","-","-","-","-","-","-"
"2012/10/29","13:06","-","-","-","-","-","-","-"
"2012/10/29","13:12","-","-","-","-","-","-","-"
"2012/10/29","13:18","-","-","-","-","-","-","-"
"2012/10/29","13:24","-","-","-","-","-","-","-"
"2012/10/29","13:30","-","-","-","-","-","-","-"
"2012/10/29","13:36","-","-","-","-","-","-","-"
"2012/10/29","13:42","-","-","-","-","-","-","-"
"2012/10/29","13:48","-","-","-","-","-","-","-"
"2012/10/29","13:54","-","-","-","-","-","-","-"
"2012/10/29","14:00","-","-","-","-","-","-","-"
"2012/10/29","14:06","-","-","-","-","-","-","-"
"2012/10/29","14:12","-","-","-","-","-","-","-"
"2012/10/29","14:18","-","-","-","-","-","-","-"
"2012/10/29","14:24","-","-","-","-","-","-","-"
"2012/10/29","14:30","-","-","-","-","-","-","-"
"2012/10/29","14:36","-","-","-","-","-","-","-"
"2012/10/29","14:42","-","-","-","-","-","-","-"
"2012/10/29","14:48","19.7","41","32.5","57.3","985.2","-","-"
"2012/10/29","14:54","25.48","46","40.45","57.4","984.8","-","-"
"2012/10/29","15:00","22.11","44","32.47","57.4","984.5","-","-"
"2012/10/29","15:06","23.12","45","36.53","57.6","984.3","-","-"
"2012/10/29","15:12","22.79","43","33.53","57.7","984.1","-","-"
"2012/10/29","15:18","24.6","41","40.12","57.6","983.8","-","-"
"2012/10/29","15:24","-","-","-","-","-","-","-"
"2012/10/29","15:30","19.57","44","30.25","57.7","983.3","-","-"
"2012/10/29","15:36","23.49","42","31.72","57.6","983","-","-"
"2012/10/29","15:42","23","41","35.56","57.7","982.7","-","-"
"2012/10/29","15:48","24.11","41","33.98","57.8","982.4","-","-"
"2012/10/29","15:54","21.75","42","33.25","57.9","981.9","-","-"
"2012/10/29","16:00","22.78","41","35.44","58","981.5","-","-"
"2012/10/29","16:06","22.92","42","38.51","58.2","981.2","-","-"
"2012/10/29","16:12","23.41","44","33.36","58.4","980.9","-","-"
"2012/10/29","16:18","23.39","41","35.83","58.5","980.6","-","-"
"2012/10/29","16:24","21.08","38","33.28","58.5","980.3","-","-"
"2012/10/29","16:30","24.05","43","38.25","58.6","979.8","-","-"
"2012/10/29","16:36","23.3","42","35.64","58.6","979.5","-","-"
"2012/10/29","16:42","19.45","41","33.37","58.5","979.1","-","-"
"2012/10/29","16:48","26.09","43","38.07","58.7","978.6","-","-"
"2012/10/29","16:54","20.95","40","33.15","58.7","978.1","-","-"
"2012/10/29","17:00","23.35","39","38.31","58.8","977.8","-","-"
"2012/10/29","17:06","24.02","41","38.56","58.8","977.3","-","-"
"2012/10/29","17:12","23.78","36","35.25","59","976.9","-","-"
"2012/10/29","17:18","22.38","43","38.05","59","976.5","-","-"
"2012/10/29","17:24","23.68","38","34.28","59.3","976.5","-","-"
"2012/10/29","17:30","25.51","40","37.87","59.3","975.9","-","-"
"2012/10/29","17:36","25.28","38","36.86","59.5","975.4","-","-"
"2012/10/29","17:42","25.15","41","42.84","59.6","975.1","-","-"
"2012/10/29","17:48","27.26","42","43.4","59.7","974.6","-","-"
"2012/10/29","17:54","28.71","45","39.04","59.9","974.2","-","-"
"2012/10/29","18:00","25.19","44","40.95","59.5","973.8","-","-"
"2012/10/29","18:06","27.37","43","45.73","59.8","973.2","-","-"
"2012/10/29","18:12","31.89","44","47.54","60.2","972.9","-","-"
"2012/10/29","18:18","-","-","-","-","-","-","-"
"2012/10/29","18:24","27.34","44","42.59","59.7","972.1","-","-"
"2012/10/29","18:30","30.92","47","43.92","59.9","971.8","-","-"
"2012/10/29","18:36","28.58","46","43.5","59.8","971.6","-","-"
"2012/10/29","18:42","29.52","47","44.58","59.8","971.5","-","-"
"2012/10/29","18:48","31.87","49","42.53","59.8","971.3","-","-"
"2012/10/29","18:54","30","48","41.35","59.9","970.9","-","-"
"2012/10/29","19:00","30.4","47","47.07","60","970.4","-","-"
"2012/10/29","19:06","29.63","45","41.78","60.1","970","-","-"
"2012/10/29","19:12","28.46","49","43.33","60.2","969.5","-","-"
"2012/10/29","19:18","28.2","47","41.59","60.2","969.2","-","-"
"2012/10/29","19:24","30.52","49","43.88","60.4","968.9","-","-"
"2012/10/29","19:30","31.42","47","49","60.4","968.5","-","-"
"2012/10/29","19:36","-","-","-","-","-","-","-"
"2012/10/29","19:42","30.68","49","47.38","60.6","967.6","-","-"
"2012/10/29","19:48","32.21","50","50.87","60.7","967.3","-","-"
"2012/10/29","19:54","30.13","47","46.45","60.6","966.9","-","-"
"2012/10/29","20:00","30.9","48","43.87","60.5","966.5","-","-"
"2012/10/29","20:06","34.14","47","49.61","60.7","966.2","-","-"
"2012/10/29","20:12","-","-","-","-","-","-","-"
"2012/10/29","20:18","30.91","46","43.61","60.7","965.7","-","-"
"2012/10/29","20:24","31.54","46","50.57","60.9","965.2","-","-"
"2012/10/29","20:30","31.3","47","41.72","60.7","964.8","-","-"
"2012/10/29","20:36","28.72","46","40.83","60.7","964.5","-","-"
"2012/10/29","20:42","29.11","44","41.5","60.7","964.2","-","-"
"2012/10/29","20:48","30.74","47","44.29","61","963.9","-","-"
"2012/10/29","20:54","31.57","48","44.16","61.2","963.6","-","-"
"2012/10/29","21:00","26.18","47","36.79","61.2","963.3","-","-"
"2012/10/29","21:06","29.16","50","45.1","61.5","963.1","-","-"
"2012/10/29","21:12","29.74","49","41.79","61.7","962.8","-","-"
"2012/10/29","21:18","28.57","55","43.74","62.4","962.7","-","-"
"2012/10/29","21:24","29.16","58","42.57","63","962.6","-","-"
"2012/10/29","21:30","29.35","71","44.9","63.7","962.5","-","-"
"2012/10/29","21:36","29.55","69","42.96","63.9","962.3","-","-"
"2012/10/29","21:42","36.35","75","49.96","63.5","962.2","-","-"
"2012/10/29","21:48","33.82","74","52.09","63","962","-","-"
"2012/10/29","21:54","34.41","77","46.65","62.6","961.8","-","-"
"2012/10/29","22:00","35.18","76","50.54","62.2","961.7","-","-"
"2012/10/29","22:06","37.13","79","53.65","61.9","961.5","-","-"
"2012/10/29","22:12","36.16","79","52.68","61.7","961","-","-"
"2012/10/29","22:18","38.1","78","54.04","61.3","961.4","-","-"
"2012/10/29","22:24","35.38","81","56.18","61.2","961","-","-"
"2012/10/29","22:30","36.35","81","53.65","61","961.2","-","-"
"2012/10/29","22:36","34.21","87","47.43","60.8","961.4","-","-"
"2012/10/29","22:42","35.96","89","59.87","61","961.5","-","-"
"2012/10/29","22:48","37.13","95","55.59","61","961.5","-","-"
"2012/10/29","22:54","35.57","92","49.96","61","961.9","-","-"
"2012/10/29","23:00","29.94","99","40.43","60.6","962.2","-","-"
"2012/10/29","23:06","34.21","96","50.54","60.6","962.8","-","-"
"2012/10/29","23:12","36.54","102","47.82","60.8","962.8","-","-"
"2012/10/29","23:18","31.3","100","42.57","60.3","963.5","-","-"
"2012/10/29","23:24","35.77","102","53.65","60.1","964.7","-","-"
"2012/10/29","23:30","38.1","104","54.04","59.7","964.1","-","-"
"2012/10/29","23:36","36.74","104","52.68","59.7","964.3","-","-"